{
  "accuracy": 0.9950248756218906,
  "macro_f1": 0.99496996996997,
  "auc_roc": 0.9999750006249843,
  "per_class": {
    "human": {
      "precision": 1.0,
      "recall": 0.988950276243094,
      "f1": 0.9944444444444445,
      "support": 181
    },
    "ai": {
      "precision": 0.9910313901345291,
      "recall": 1.0,
      "f1": 0.9954954954954955,
      "support": 221
    }
  },
  "confusion_matrix": [
    [
      179,
      2
    ],
    [
      0,
      221
    ]
  ],
  "support": {
    "human": 181,
    "ai": 221
  },
  "threshold": 0.5,
  "n_samples": 402
}